perturbation,level,system,dataset,minutes,emitted,false_per_min,recall,dangerous,degraded,safe
none,0,nn,dataset1,2.200,269,13.182,0.9500,0,0.0000,0.0000
none,0,engine,dataset1,2.200,270,13.636,0.9500,0,0.0000,0.0000
none,0,guard,dataset1,2.200,243,10.909,0.9083,0,0.0096,0.0000
none,0,nn,dataset2,2.200,429,14.545,0.9392,14,0.0000,0.0000
none,0,engine,dataset2,2.200,430,14.545,0.9392,14,0.0000,0.0000
none,0,guard,dataset2,2.200,365,11.818,0.8633,0,0.0201,0.0000
noise,0.02,nn,dataset1,2.200,231,3.182,0.8792,2,0.0000,0.0000
noise,0.02,engine,dataset1,2.200,232,3.636,0.8792,2,0.0000,0.0000
noise,0.02,guard,dataset1,2.200,208,1.364,0.8500,1,0.0096,0.0000
noise,0.02,nn,dataset2,2.200,308,28.182,0.5722,2,0.0000,0.0000
noise,0.02,engine,dataset2,2.200,307,27.727,0.5747,2,0.0000,0.0000
noise,0.02,guard,dataset2,2.200,229,17.273,0.4911,1,0.0984,0.0000
noise,0.05,nn,dataset1,2.200,160,15.909,0.4042,26,0.0000,0.0000
noise,0.05,engine,dataset1,2.200,160,17.273,0.4000,25,0.0000,0.0000
noise,0.05,guard,dataset1,2.200,110,12.273,0.3375,20,0.1010,0.0000
noise,0.05,nn,dataset2,2.200,116,20.909,0.1519,10,0.0000,0.0000
noise,0.05,engine,dataset2,2.200,109,19.545,0.1443,9,0.0000,0.0000
noise,0.05,guard,dataset2,2.200,74,15.455,0.1038,8,0.1420,0.0000
noise,0.1,nn,dataset1,2.200,14,3.636,0.0250,5,0.0000,0.0000
noise,0.1,engine,dataset1,2.200,20,2.727,0.0500,1,0.0000,0.0000
noise,0.1,guard,dataset1,2.200,15,0.455,0.0583,0,0.9985,0.0000
noise,0.1,nn,dataset2,2.200,10,1.364,0.0127,1,0.0000,0.0000
noise,0.1,engine,dataset2,2.200,10,1.364,0.0127,1,0.0000,0.0000
noise,0.1,guard,dataset2,2.200,1,0.000,0.0025,0,0.9985,0.0000
noise,0.2,nn,dataset1,2.200,0,0.000,0.0000,0,0.0000,0.0000
noise,0.2,engine,dataset1,2.200,1,0.000,0.0042,0,0.0000,0.0000
noise,0.2,guard,dataset1,2.200,3,0.909,0.0042,0,0.9985,0.0000
noise,0.2,nn,dataset2,2.200,0,0.000,0.0000,0,0.0000,0.0000
noise,0.2,engine,dataset2,2.200,0,0.000,0.0000,0,0.0000,0.0000
noise,0.2,guard,dataset2,2.200,0,0.000,0.0000,0,0.9985,0.0000
burst,0.1,nn,dataset1,2.200,384,65.455,0.9417,69,0.0000,0.0000
burst,0.1,engine,dataset1,2.200,393,65.000,0.9333,67,0.0000,0.0000
burst,0.1,guard,dataset1,2.200,286,34.545,0.8708,29,0.0968,0.0000
burst,0.1,nn,dataset2,2.200,482,40.455,0.9190,51,0.0000,0.0000
burst,0.1,engine,dataset2,2.200,482,40.455,0.9190,51,0.0000,0.0000
burst,0.1,guard,dataset2,2.200,377,22.727,0.8380,17,0.0321,0.0000
burst,0.5,nn,dataset1,2.200,254,12.727,0.8958,1,0.0000,0.0000
burst,0.5,engine,dataset1,2.200,414,45.455,0.8250,17,0.0000,0.0000
burst,0.5,guard,dataset1,2.200,289,40.455,0.8167,15,0.9654,0.0000
burst,0.5,nn,dataset2,2.200,409,15.455,0.8810,15,0.0000,0.0000
burst,0.5,engine,dataset2,2.200,348,38.636,0.6532,23,0.0000,0.0000
burst,0.5,guard,dataset2,2.200,332,36.364,0.6456,22,0.9728,0.0000
burst,2,nn,dataset1,2.200,251,11.818,0.8958,0,0.0000,0.0000
burst,2,engine,dataset1,2.200,252,12.273,0.8958,0,0.0000,0.0000
burst,2,guard,dataset1,2.200,223,10.000,0.8333,0,0.0094,0.0000
burst,2,nn,dataset2,2.200,429,19.091,0.9089,15,0.0000,0.0000
burst,2,engine,dataset2,2.200,430,19.091,0.9089,15,0.0000,0.0000
burst,2,guard,dataset2,2.200,353,16.364,0.8076,0,0.0198,0.0000
dropout,0.002,nn,dataset1,2.200,204,9.545,0.7292,0,0.0000,0.0000
dropout,0.002,engine,dataset1,2.200,205,10.000,0.7292,0,0.0000,0.0000
dropout,0.002,guard,dataset1,2.200,172,7.727,0.6458,0,0.0078,0.0000
dropout,0.002,nn,dataset2,2.200,357,21.818,0.7342,10,0.0000,0.0000
dropout,0.002,engine,dataset2,2.200,360,21.818,0.7342,12,0.0000,0.0000
dropout,0.002,guard,dataset2,2.200,299,20.000,0.6506,0,0.0065,0.0000
dropout,0.01,nn,dataset1,2.200,99,4.545,0.3542,1,0.0000,0.0000
dropout,0.01,engine,dataset1,2.200,99,4.545,0.3542,1,0.0000,0.0000
dropout,0.01,guard,dataset1,2.200,65,3.636,0.2375,0,0.0000,0.0000
dropout,0.01,nn,dataset2,2.200,234,35.909,0.3671,8,0.0000,0.0000
dropout,0.01,engine,dataset2,2.200,234,35.909,0.3646,9,0.0000,0.0000
dropout,0.01,guard,dataset2,2.200,175,29.545,0.2759,0,0.0000,0.0000
spikes,0.001,nn,dataset1,2.200,268,12.727,0.9500,0,0.0000,0.0000
spikes,0.001,engine,dataset1,2.200,269,13.182,0.9500,0,0.0000,0.0000
spikes,0.001,guard,dataset1,2.200,233,10.455,0.8708,0,0.0095,0.0000
spikes,0.001,nn,dataset2,2.200,430,15.000,0.9392,14,0.0000,0.0000
spikes,0.001,engine,dataset2,2.200,431,15.000,0.9392,14,0.0000,0.0000
spikes,0.001,guard,dataset2,2.200,356,11.818,0.8405,0,0.0201,0.0000
spikes,0.01,nn,dataset1,2.200,269,12.727,0.9500,0,0.0000,0.0000
spikes,0.01,engine,dataset1,2.200,270,13.182,0.9500,0,0.0000,0.0000
spikes,0.01,guard,dataset1,2.200,173,10.000,0.6250,0,0.0095,0.0000
spikes,0.01,nn,dataset2,2.200,442,18.182,0.9392,15,0.0000,0.0000
spikes,0.01,engine,dataset2,2.200,440,17.727,0.9392,14,0.0000,0.0000
spikes,0.01,guard,dataset2,2.200,278,10.909,0.6430,0,0.0199,0.0000
saturation,5,nn,dataset1,2.200,275,15.000,0.9500,0,0.0000,0.0000
saturation,5,engine,dataset1,2.200,275,15.000,0.9500,0,0.0000,0.0000
saturation,5,guard,dataset1,2.200,241,11.364,0.8958,0,0.0158,0.0124
saturation,5,nn,dataset2,2.200,430,15.455,0.9367,15,0.0000,0.0000
saturation,5,engine,dataset2,2.200,430,15.000,0.9367,15,0.0000,0.0000
saturation,5,guard,dataset2,2.200,360,11.818,0.8506,0,0.0277,0.0092
saturation,2,nn,dataset1,2.200,259,13.636,0.8958,0,0.0000,0.0000
saturation,2,engine,dataset1,2.200,259,13.636,0.8958,0,0.0000,0.0000
saturation,2,guard,dataset1,2.200,214,10.909,0.7917,0,0.0492,0.0825
saturation,2,nn,dataset2,2.200,506,88.182,0.7038,9,0.0000,0.0000
saturation,2,engine,dataset2,2.200,500,85.455,0.7038,9,0.0000,0.0000
saturation,2,guard,dataset2,2.200,134,12.273,0.2709,0,0.2121,0.5497
frozen,0.002,nn,dataset1,2.200,260,41.818,0.6667,52,0.0000,0.0000
frozen,0.002,engine,dataset1,2.200,270,45.455,0.6750,60,0.0000,0.0000
frozen,0.002,guard,dataset1,2.200,69,2.273,0.2625,0,0.1986,0.6470
frozen,0.002,nn,dataset2,2.200,459,61.364,0.7646,25,0.0000,0.0000
frozen,0.002,engine,dataset2,2.200,462,63.182,0.7620,33,0.0000,0.0000
frozen,0.002,guard,dataset2,2.200,119,3.182,0.2810,0,0.2146,0.6121
drift,5,nn,dataset1,2.200,38,2.727,0.1250,0,0.0000,0.0000
drift,5,engine,dataset1,2.200,39,2.727,0.1250,0,0.0000,0.0000
drift,5,guard,dataset1,2.200,33,1.364,0.1208,0,0.0047,0.8470
drift,5,nn,dataset2,2.200,56,1.364,0.1215,2,0.0000,0.0000
drift,5,engine,dataset2,2.200,56,1.364,0.1215,2,0.0000,0.0000
drift,5,guard,dataset2,2.200,45,0.909,0.1114,1,0.0000,0.8440
drift,50,nn,dataset1,2.200,4,0.909,0.0042,0,0.0000,0.0000
drift,50,engine,dataset1,2.200,4,0.909,0.0042,0,0.0000,0.0000
drift,50,guard,dataset1,2.200,3,0.909,0.0042,0,0.0000,0.9818
drift,50,nn,dataset2,2.200,2,0.455,0.0051,1,0.0000,0.0000
drift,50,engine,dataset2,2.200,2,0.455,0.0051,1,0.0000,0.0000
drift,50,guard,dataset2,2.200,2,0.455,0.0051,1,0.0000,0.9817
scale,0.1,nn,dataset1,2.200,100,2.727,0.3333,0,0.0000,0.0000
scale,0.1,engine,dataset1,2.200,100,2.727,0.3333,0,0.0000,0.0000
scale,0.1,guard,dataset1,2.200,77,1.364,0.3042,0,0.0000,0.0000
scale,0.1,nn,dataset2,2.200,12,0.000,0.0329,0,0.0000,0.0000
scale,0.1,engine,dataset2,2.200,12,0.000,0.0329,0,0.0000,0.0000
scale,0.1,guard,dataset2,2.200,12,0.000,0.0329,0,0.0000,0.0000
scale,10,nn,dataset1,2.200,473,126.818,0.5500,164,0.0000,0.0000
scale,10,engine,dataset1,2.200,284,12.273,0.6917,9,0.0000,0.0000
scale,10,guard,dataset1,2.200,151,2.727,0.6000,1,0.9306,0.0679
scale,10,nn,dataset2,2.200,1536,456.818,0.8228,491,0.0000,0.0000
scale,10,engine,dataset2,2.200,980,260.909,0.9342,562,0.0000,0.0000
scale,10,guard,dataset2,2.200,310,86.364,0.3013,117,0.9966,0.0000
rate_wrong,1,nn,dataset1,1.100,249,13.636,0.9250,3,0.0000,0.0000
rate_wrong,1,engine,dataset1,1.100,240,13.636,0.9250,3,0.0000,0.0000
rate_wrong,1,guard,dataset1,1.100,224,10.000,0.8875,2,0.0000,0.0000
rate_wrong,1,nn,dataset2,1.100,614,237.273,0.8608,39,0.0000,0.0000
rate_wrong,1,engine,dataset2,1.100,611,234.545,0.8608,36,0.0000,0.0000
rate_wrong,1,guard,dataset2,1.100,367,98.182,0.6734,30,0.7598,0.0000
rate_correct,1,nn,dataset1,1.100,0,0.000,0.0000,0,0.0000,0.0000
rate_correct,1,engine,dataset1,1.100,0,0.000,0.0000,0,0.0000,0.0000
rate_correct,1,guard,dataset1,1.100,0,0.000,0.0000,0,0.0000,0.9990
rate_correct,1,nn,dataset2,1.100,0,0.000,0.0000,0,0.0000,0.0000
rate_correct,1,engine,dataset2,1.100,0,0.000,0.0000,0,0.0000,0.0000
rate_correct,1,guard,dataset2,1.100,0,0.000,0.0000,0,0.0000,0.9990
deadline,0.0005,nn,dataset1,2.200,269,13.182,0.9500,0,0.0000,0.0000
deadline,0.0005,engine,dataset1,2.200,270,13.636,0.9500,0,0.0000,0.0000
deadline,0.0005,guard,dataset1,2.200,219,5.455,0.8542,0,0.6169,0.0000
deadline,0.0005,nn,dataset2,2.200,429,14.545,0.9392,14,0.0000,0.0000
deadline,0.0005,engine,dataset2,2.200,430,14.545,0.9392,14,0.0000,0.0000
deadline,0.0005,guard,dataset2,2.200,312,7.727,0.7494,0,0.5326,0.0000
deadline,0.01,nn,dataset1,2.200,269,13.182,0.9500,0,0.0000,0.0000
deadline,0.01,engine,dataset1,2.200,270,13.636,0.9500,0,0.0000,0.0000
deadline,0.01,guard,dataset1,2.200,51,0.000,0.2125,0,0.2697,0.7298
deadline,0.01,nn,dataset2,2.200,429,14.545,0.9392,14,0.0000,0.0000
deadline,0.01,engine,dataset2,2.200,430,14.545,0.9392,14,0.0000,0.0000
deadline,0.01,guard,dataset2,2.200,54,0.909,0.1316,0,0.2385,0.7597
net_stuck,1,nn,dataset1,2.200,123,1.364,0.9792,123,0.0000,0.0000
net_stuck,1,engine,dataset1,2.200,328,3.636,0.8250,0,0.0000,0.0000
net_stuck,1,guard,dataset1,2.200,201,1.364,0.8208,0,0.9998,0.0000
net_stuck,1,nn,dataset2,2.200,120,0.455,0.9772,120,0.0000,0.0000
net_stuck,1,engine,dataset2,2.200,269,5.000,0.6481,0,0.0000,0.0000
net_stuck,1,guard,dataset2,2.200,260,3.636,0.6430,0,0.9998,0.0000
